"","group","age","bmi","EducationYears","eat26","eat26_oralcontrol","eat26_dieting","eat26_bulimia","edeq","aai","stait","bdi","iou","cia","oci","F1","F2","F3"
"1","group1",25.2954545454545,22.0379331442885,15.7045454545455,36.0454545454545,6.52272727272727,22.6136363636364,6.90909090909091,89.8863636363636,23.5,55.9772727272727,19.1818181818182,63,25.6136363636364,24.3636363636364,1.052817365774,0.557405479759464,0.425564845618399
"2","group2",26.8214285714286,22.7425113478248,16.7321428571429,3.125,1.375,1.69642857142857,0.0535714285714286,15.75,8.28571428571429,41.6785714285714,7.08928571428571,47.3928571428571,3.33928571428571,10.2678571428571,-0.82721364453671,-0.437961448382437,-0.334372378700172
