"","group","age","bmi","EducationYears","eat26","eat26_oralcontrol","eat26_dieting","eat26_bulimia","edeq","aai","stait","bdi","iou","oci","F1","F2","F3"
"1","group1",25.4166666666667,21.9417512854568,15.6666666666667,34.3333333333333,6.20833333333333,21.625,6.5,85.9166666666667,22.5625,55.3541666666667,18.4375,62.5416666666667,23.375,0.980320405197943,0.527483560365727,0.377494682404998
"2","group2",26.8214285714286,22.7425113478248,16.7321428571429,3.125,1.375,1.69642857142857,0.0535714285714286,15.75,8.28571428571429,41.6785714285714,7.08928571428571,47.3928571428571,10.2678571428571,-0.840274633026808,-0.452128766027766,-0.323566870632856
