Parameter,t_stat,df,p_value
estimated_reward_rate,-0.550877855260236,98,0.582971089329027
param_learning_rate,-0.698680194166268,98,0.486406674194302
param_learning_rate_leave_decisions,0.683311295790666,98,0.496022501970164
param_beta,0.358707186729732,98,0.720585765505716
param_constant,0.0365970923354001,98,0.970880705869521
